Time, Equity
11, 1017.68
22, 1039.9
33, 1062.4299999999998
44, 1077.235
55, 1078.1799999999998
66, 1079.9099999999999
77, 1082.73
88, 1149.77
99, 1186.31
110, 1210.02
