Time,Average Gain,1G Account
,,1000
9/23/2020,0.0006515,1000.6515
9/24/2020,0.033272883,1033.94606
9/25/2020,-0.004622498,1029.166646
9/28/2020,0.033748777,1063.899762
9/29/2020,-0.009545236,1053.744587
9/30/2020,0.023082847,1078.068012
10/1/2020,0.004013608,1082.394955
10/2/2020,0.002394123,1084.986341
10/06/2020 17:58:10, -0.1183049988452139, 956.6270331809221
