Time, Equity
0, 1000
1, 1001.6750000000001
2, 1024.5573
3, 1040.0023
4, 1050.0573000000002
5, 1064.4273
6, 1074.2773000000002
7, 1082.8973
8, 1098.4774000000002
9, 1092.9274
