Time, Equity
0, 10000
1, 10385.175000000001
2, 15484.805000000002
3, 16820.614999999998
4, 21232.574999999997
5, 17415.769999999993
6, 28200.424999999996
7, 28983.074999999997
