Time, Equity
0, 10000
1, 10016.455
2, 10282.4085
3, 10494.1535
4, 10590.8285
5, 10748.783499999998
6, 10885.138500000001
7, 10986.888500000001
8, 11152.8304
9, 11100.565399999998
