ID, Error,
0,46497.50534703525,
1,14113.115060706039,
2,12555.093039586378,
3,12778.5279643763,
4,11365.49091604867,
5,9751.751524296842,
6,11868.70278590339,
7,11622.383810420544,
8,13718.088841166615,
9,11547.474378544965,
