ID, Error,
1,51469.885443077925,
2,45471.05823052105,
10,44514.66456274396,
20,43920.566455385604,
21,14020.542658418615,
25,9236.672663421754,
27,8067.031835270077,
31,7350.176543588367,
